Predictor variable,Categorical,Sample average
Bio_01.tif,false,12.251269801404435
Bio_02.tif,false,10.037496845857442
Bio_03.tif,false,40.83853070837368
Bio_04.tif,false,496.9636337731484
Bio_05.tif,false,28.79898451609298
Bio_06.tif,false,4.143372510510607
Bio_07.tif,false,24.65561199228919
Bio_08.tif,false,11.15469613705013
Bio_09.tif,false,20.851890667936626
Bio_10.tif,false,21.280016784418468
Bio_11.tif,false,9.289426766904363
Bio_12.tif,false,31.90035655845023
Bio_13.tif,false,6.672876851668505
Bio_14.tif,false,0.27929839073555784
Bio_15.tif,false,55.464477906756606
Bio_16.tif,false,14.638942057980897
Bio_17.tif,false,1.9987760280435198
Bio_18.tif,false,2.3978063124769187
Bio_19.tif,false,11.747835590343607
East_Mediterranean_DEM,false,288.3301138403904
East_Mediterranean_aspect,false,183.48711595650178
East_Mediterranean_slope,false,9.686069832365197
river_proximity_map,false,578.3410197154585
